Date,Time,Pax,Cottage,Name,Contact,Email,Total Payment
12-07-2025,13:30,27,Big Cottage,Bill Gates,09955183051,,3200
14-07-2025,08:00,20,A,Zeppyle,09219923929,auctioner@hotmail.com,1500
14-07-2025,10:30,21,A,John Laurens,09218764532,,1550
14-07-2025,12:00,10,B,Killua Zoldyck,09218764532,assasinsikillua@yahoo.com,800
14-07-2025,12:00,10,B,Killua Zoldyck,09218764532,assasinsikillua@yahoo.com,800
14-07-2025,12:00,10,B,Killua Zoldyck,09218764532,assasinsikillua@yahoo.com,800
14-07-2025,16:30,21,A,John Laurens,09218823714,jhonlaurensintheplacetobe@gmail.com,1550
14-07-2025,16:30,4,C,Laffayette,09218876547,,350
15-07-2025,07:00,12,B,Secret,09187282736,,900
01-08-2025,08:00,21,A,George,09182879817,,1550
13-09-2025,08:00,21,A,James Reynolds,09287187829,,1550
